{"notepad": 4.946771621704102, "chrome": 13.591434955596924}